{
	"format_version": "1.8.0",
	"animations": {
		"animation.model.new": {
			"animation_length": 3,
			"bones": {
				"Head": {
					"rotation": {
						"0.0": [90, 0, 0],
						"0.5417": [90, 0, 0],
						"1.0833": [90, 0, 0],
						"1.25": [90, 0, 0],
						"1.5833": [90, 0, 0],
						"1.625": [87.26772, 0, 0],
						"1.6667": [82.35269, 0, 0],
						"1.7083": [76.60545, 0, 0],
						"1.75": [70.40675, 0, 0],
						"1.7917": [63.93418, 0, 0],
						"1.8333": [57.28974, 0, 0],
						"2.0": [30.21026, 0, 0],
						"2.0417": [23.56582, 0, 0],
						"2.0833": [17.09325, 0, 0],
						"2.125": [10.89455, 0, 0],
						"2.1667": [5.14731, 0, 0],
						"2.2083": [0.23228, 0, 0],
						"2.25": [-2.5, 0, 0],
						"2.5": [-2.5, 0, 0],
						"2.9167": [-0.27243, 0, 0],
						"3.0": [0, 0, 0]
					},
					"position": {
						"0.0": [0, -20, -4],
						"0.5417": [0, -20, -4],
						"1.0833": [0, -20, -4],
						"1.25": [0, -20, -4],
						"1.5833": [0, -20, -4],
						"1.625": [0, -19.82277, -4],
						"1.6667": [0, -19.50396, -4],
						"1.7083": [0, -19.13116, -4],
						"1.75": [0, -18.72909, -4],
						"1.7917": [0, -18.30924, -4],
						"2.0": [0, -16.12175, -4],
						"2.0417": [0, -15.69076, -4],
						"2.0833": [0, -15.27091, -4],
						"2.125": [0, -14.86884, -4],
						"2.1667": [0, -14.49604, -4],
						"2.2083": [0, -14.17723, -4],
						"2.25": [0, -14, -4],
						"2.5": [0, -14, -4],
						"2.5417": [0, -13.49033, -3.9636],
						"2.5833": [0, -12.47439, -3.89103],
						"2.625": [0, -11.23595, -3.80257],
						"2.6667": [0, -9.87761, -3.70554],
						"2.7083": [0, -8.45359, -3.60383],
						"2.7917": [0, -5.54641, -3.39617],
						"2.8333": [0, -4.12239, -3.29446],
						"2.875": [0, -2.76405, -3.19743],
						"2.9167": [0, -1.52561, -3.10897],
						"2.9583": [0, -0.50967, -3.0364],
						"3.0": [0, 0, -3]
					}
				},
				"Body": {
					"rotation": {
						"0.0": [90, 0, 0],
						"0.5417": [90, 0, 0],
						"1.0833": [90, 0, 0],
						"1.25": [90, 0, 0],
						"1.5833": [90, 0, 0],
						"1.625": [88.79958, 0, 0],
						"1.6667": [86.68002, 0, 0],
						"1.7083": [84.21946, 0, 0],
						"1.75": [81.57428, 0, 0],
						"2.0417": [61.51572, 0, 0],
						"2.125": [55.92572, 0, 0],
						"2.1667": [53.28054, 0, 0],
						"2.2083": [50.81998, 0, 0],
						"2.25": [48.70042, 0, 0],
						"2.2917": [47.5, 0, 0],
						"2.5": [47.5, 0, 0],
						"2.5417": [48.39849, 0, 0],
						"2.5833": [51.07654, 0, 0],
						"2.6667": [58.92346, 0, 0],
						"2.7083": [61.60151, 0, 0],
						"2.75": [62.5, 0, 0],
						"2.7917": [58.75631, 0, 0],
						"2.8333": [47.59776, 0, 0],
						"2.9167": [14.90224, 0, 0],
						"2.9583": [3.74369, 0, 0],
						"3.0": [0, 0, 0]
					},
					"position": {
						"0.0": [0, -20, -4],
						"0.5417": [0, -20, -4],
						"1.0833": [0, -20, -4],
						"1.25": [0, -20, -4],
						"1.5833": [0, -20, -4],
						"1.625": [0, -19.80228, -3.97175],
						"1.6667": [0, -19.45318, -3.92188],
						"1.7083": [0, -19.04791, -3.86399],
						"1.75": [0, -18.61223, -3.80175],
						"1.7917": [0, -18.15786, -3.73684],
						"2.0417": [0, -15.30847, -3.32978],
						"2.0833": [0, -14.84214, -3.26316],
						"2.125": [0, -14.38777, -3.19825],
						"2.1667": [0, -13.95209, -3.13601],
						"2.2083": [0, -13.54682, -3.07812],
						"2.25": [0, -13.19772, -3.02825],
						"2.2917": [0, -13, -3],
						"2.5": [0, -13, -3],
						"2.5417": [0, -12.52674, -3],
						"2.5833": [0, -11.58336, -3],
						"2.625": [0, -10.43338, -3],
						"2.6667": [0, -9.17207, -3],
						"2.7083": [0, -7.84977, -3],
						"2.7917": [0, -5.15023, -3],
						"2.8333": [0, -3.82793, -3],
						"2.875": [0, -2.56662, -3],
						"2.9167": [0, -1.41664, -3],
						"2.9583": [0, -0.47326, -3],
						"3.0": [0, 0, -3]
					}
				},
				"RightArm": {
					"rotation": {
						"0.0": [90, 0, 0],
						"0.5417": [90, 0, 0],
						"1.0833": [90, 0, 0],
						"1.25": [90, 0, 0],
						"1.2917": [84.60909, 0, 0],
						"1.3333": [68.54077, 0, 0],
						"1.4167": [21.45923, 0, 0],
						"1.4583": [5.39091, 0, 0],
						"1.5": [0, 0, 0],
						"1.5833": [0, 0, 0],
						"2.125": [0, 0, 0],
						"2.5": [0, 0, 0]
					},
					"position": {
						"0.0": [0, -18, -2],
						"0.5417": [0, -18, -2],
						"1.0833": [0, -18, -2],
						"1.25": [0, -18, -2],
						"1.2917": [0, -17.64061, -2],
						"1.3333": [0, -16.56938, -2],
						"1.4167": [0, -13.43062, -2],
						"1.4583": [0, -12.35939, -2],
						"1.5": [0, -12, -2],
						"1.5833": [0, -12, -2],
						"2.125": [0, -12, -2],
						"2.5": [0, -12, -2],
						"2.5417": [0, -11.56314, -2.0364],
						"2.5833": [0, -10.69233, -2.10897],
						"2.625": [0, -9.63081, -2.19743],
						"2.6667": [0, -8.46652, -2.29446],
						"2.7083": [0, -7.24594, -2.39617],
						"2.7917": [0, -4.75406, -2.60383],
						"2.8333": [0, -3.53348, -2.70554],
						"2.875": [0, -2.36919, -2.80257],
						"2.9167": [0, -1.30767, -2.89103],
						"2.9583": [0, -0.43686, -2.9636],
						"3.0": [0, 0, -3]
					}
				},
				"LeftArm": {
					"rotation": {
						"0.0": [90, 0, 0],
						"0.5417": [90, 0, 0],
						"1.0833": [90, 0, 0],
						"1.25": [90, 0, 0],
						"1.2917": [84.60909, 0, 0],
						"1.3333": [68.54077, 0, 0],
						"1.4167": [21.45923, 0, 0],
						"1.4583": [5.39091, 0, 0],
						"1.5": [0, 0, 0],
						"1.5833": [0, 0, 0],
						"2.125": [0, 0, 0],
						"2.5": [0, 0, 0]
					},
					"position": {
						"0.0": [0, -18, -2],
						"0.5417": [0, -18, -2],
						"1.0833": [0, -18, -2],
						"1.25": [0, -18, -2],
						"1.2917": [0, -17.64061, -2],
						"1.3333": [0, -16.56938, -2],
						"1.4167": [0, -13.43062, -2],
						"1.4583": [0, -12.35939, -2],
						"1.5": [0, -12, -2],
						"1.5833": [0, -12, -2],
						"2.125": [0, -12, -2],
						"2.5": [0, -12, -2],
						"2.5417": [0, -11.56314, -2.0364],
						"2.5833": [0, -10.69233, -2.10897],
						"2.625": [0, -9.63081, -2.19743],
						"2.6667": [0, -8.46652, -2.29446],
						"2.7083": [0, -7.24594, -2.39617],
						"2.7917": [0, -4.75406, -2.60383],
						"2.8333": [0, -3.53348, -2.70554],
						"2.875": [0, -2.36919, -2.80257],
						"2.9167": [0, -1.30767, -2.89103],
						"2.9583": [0, -0.43686, -2.9636],
						"3.0": [0, 0, -3]
					}
				},
				"RightLeg": {
					"rotation": {
						"0.0": [90, 0, 0],
						"0.5417": [90, 0, 0],
						"1.0833": [90, 0, 0],
						"1.5833": [90, 0, 0],
						"1.625": [89.70462, 0, 0],
						"2.0833": [82.11819, 0, 0],
						"2.2083": [80.29538, 0, 0],
						"2.25": [80, 0, 0],
						"2.5": [80, 0, 0],
						"2.5417": [75.20808, 0, 0],
						"2.5833": [60.92513, 0, 0],
						"2.6667": [19.07487, 0, 0],
						"2.7083": [4.79192, 0, 0],
						"2.75": [0, 0, 0]
					},
					"position": {
						"0.0": [0, -8, 8],
						"0.5417": [0, -8, 8],
						"1.0833": [0, -8, 8],
						"1.5833": [0, -8, 8],
						"1.625": [0, -8.02954, 7.91139],
						"1.6667": [0, -8.08267, 7.75198],
						"1.7083": [0, -8.14481, 7.56558],
						"2.0417": [0, -8.71821, 5.84538],
						"2.125": [0, -8.85519, 5.43442],
						"2.1667": [0, -8.91733, 5.24802],
						"2.2083": [0, -8.97046, 5.08861],
						"2.25": [0, -9, 5],
						"2.5": [0, -9, 5],
						"2.5417": [0, -8.46091, 5.1797],
						"2.5833": [0, -6.85408, 5.71531],
						"2.6667": [0, -2.14592, 7.28469],
						"2.7083": [0, -0.53909, 7.8203],
						"2.75": [0, 0, 8],
						"2.7917": [0, 0, 7.34111],
						"2.8333": [0, 0, 5.37721],
						"2.9167": [0, 0, -0.37721],
						"2.9583": [0, 0, -2.34111],
						"3.0": [0, 0, -3]
					}
				},
				"LeftLeg": {
					"rotation": {
						"0.0": [90, 0, 0],
						"0.5417": [90, 0, 0],
						"1.0833": [90, 0, 0],
						"1.5833": [90, 0, 0],
						"1.625": [89.70462, 0, 0],
						"2.0833": [82.11819, 0, 0],
						"2.2083": [80.29538, 0, 0],
						"2.25": [80, 0, 0],
						"2.5": [80, 0, 0],
						"2.5417": [75.50757, 0, 0],
						"2.5833": [62.11731, 0, 0],
						"2.6667": [22.88269, 0, 0],
						"2.7083": [9.49243, 0, 0],
						"2.75": [5, 0, 0],
						"2.7917": [4.7005, 0, 0],